{"cameraMode":{"drawMode":0,"name":"Shaded","section":"Shading Mode"},"sceneLighting":false,"audioPlay":false,"sceneViewState":{"m_AlwaysRefresh":false,"showFog":true,"showSkybox":false,"showFlares":true,"showImageEffects":true,"showParticleSystems":true,"showVisualEffectGraphs":true,"m_FxEnabled":true},"in2DMode":false,"pivot":{"x":0.8890777230262756,"y":0.6376056671142578,"z":1.4271457195281983},"rotation":{"x":0.22110335528850556,"y":0.15575169026851655,"z":-0.0357946902513504,"w":0.9620685577392578},"size":0.8015904426574707,"orthographic":false}