{"cameraMode":{"drawMode":0,"name":"Shaded","section":"Shading Mode"},"sceneLighting":false,"audioPlay":false,"sceneViewState":{"m_AlwaysRefresh":false,"showFog":true,"showSkybox":false,"showFlares":true,"showImageEffects":true,"showParticleSystems":true,"showVisualEffectGraphs":true,"m_FxEnabled":true},"in2DMode":false,"pivot":{"x":-0.016014456748962404,"y":0.10471891611814499,"z":0.005183274857699871},"rotation":{"x":-0.20777417719364167,"y":0.07943222671747208,"z":-0.01693277433514595,"w":-0.9748115539550781},"size":0.18620093166828156,"orthographic":false}