{"cameraMode":{"drawMode":0,"name":"Shaded","section":"Shading Mode"},"sceneLighting":false,"audioPlay":false,"sceneViewState":{"m_AlwaysRefresh":false,"showFog":false,"showSkybox":false,"showFlares":false,"showImageEffects":false,"showParticleSystems":false,"showVisualEffectGraphs":true,"m_FxEnabled":true},"in2DMode":false,"pivot":{"x":0.31201907992362978,"y":2.0278842449188234,"z":1.280533790588379},"rotation":{"x":-0.006606637500226498,"y":0.9834109544754028,"z":-0.17774000763893128,"w":-0.03659768030047417},"size":0.11096265912055969,"orthographic":false}